id,name,price,company,availabe_quantity
201,amet,6745,Ullamcorper Limited,171
202,dolor,2242,Aliquam Adipiscing Lobortis Foundation,598
203,justo,934,Neque Pellentesque Company,654
204,sociis,5950,Eleifend Non Associates,549
205,auctor,6694,Proin Non Industries,361
206,nulla.,2707,Ipsum Foundation,623
207,Cum,485,Scelerisque Neque Corp.,65
208,tincidunt,7376,Sed Pede LLP,111
209,eu,3114,Semper Pretium Consulting,618
210,sociosqu,4806,Nibh Lacinia Orci Inc.,605
211,"ne",8871,Erat LLC,25
212,vitae,1073,Lobortis PC,648
213,"eli",2292,Orci Quis Lectus LLC,738
214,mi,3547,Nisl Sem Associates,31
215,scelerisque,6291,A Corp.,922
216,"ege",1929,Scelerisque Mollis Limited,276
217,orci,3841,Lacinia Vitae Associates,652
218,eu,8879,Ut Semper Pretium Institute,999
219,in,2258,Dapibus Ltd,154
220,"monte",3480,Cum Limited,692
221,vulputate,407,Nunc Quis Arcu Institute,130
222,"convalli,",2603,Magna Foundation,912
223,odio.,3224,Donec At Incorporated,585
224,dictum,3817,Ut Odio Vel Limited,448
225,pellentesque,430,Ipsum Dolor Sit LLP,622
226,Proin,9148,Scelerisque Consulting,377
227,Fusce,8386,Bibendum Sed Limited,326
228,velit,3512,Rutrum Justo Praesent PC,84
229,varius,006,Rhoncus Incorporated,495
230,Etiam,1800,Amet Corp.,993
231,diam.,8360,Sed Molestie PC,583
232,pharetra.,9338,Egestas Associates,529
233,feugiat,5195,Auctor Institute,381
234,sagittis.,340,Cursus Et Company,141
235,Suspendisse,2164,Ac Metus Industries,492
236,justo.,8751,Penatibus Associates,773
237,nunc.,6982,Vitae Velit Corporation,452
238,gravida.,7900,Sed Foundation,167
239,Quisque,7519,Dolor Company,479
240,Cras,6627,Nibh Vulputate LLP,752
241,neque,6566,Sed Malesuada Augue Industries,336
242,sit,3337,Fermentum Arcu Vestibulum Ltd,264
243,Nam,5984,Fringilla Corp.,343
244,lectus,326,Et Commodo Industries,810
245,arcu,3173,Eu Corporation,805
246,vel,2116,Cursus Luctus Ipsum Limited,263
247,"eni,",5405,Netus Et Malesuada Incorporated,271
248,"no,",381,Justo Proin Inc.,650
249,pellentesque.,8516,Donec Non Justo LLC,475
250,cursus,7569,Nullam Nisl LLP,773
251,tincidunt.,8510,Sagittis Corp.,252
252,In,8938,At Auctor Ullamcorper Associates,212
253,mauris,4893,Tincidunt Nibh Phasellus Inc.,665
254,varius,8458,Sapien Aenean Industries,86
255,"ne,",8613,Nulla Eget Corporation,470
256,diam,3811,Ante Ipsum Limited,426
257,Cras,3667,Sit LLP,522
258,Aliquam,2890,Vestibulum Mauris Corp.,22
259,ligula,796,Sed Diam Incorporated,382
260,varius,6261,Lorem Institute,482
261,enim,1721,Odio Vel Ltd,505
262,nisl,3836,Fermentum Ltd,708
263,eleifend,2733,Aliquet Consulting,807
264,sagittis.,577,Dolor Associates,741
265,leo,4449,Vestibulum Ante Limited,785
266,lectus,7745,Ut Dolor Dapibus Corporation,913
267,nisl,1490,Fusce Corporation,912
268,iaculis,2103,Felis Incorporated,198
269,sagittis,3096,Aliquet Metus Urna Corporation,898
270,elementum,700,Libero Integer In Associates,92
271,"a,",6941,Ipsum Sodales Limited,841
272,dictum,5205,Vel Sapien Consulting,6
273,velit.,5576,Pede Ultrices Ltd,218
274,lacus.,8364,Aliquam Rutrum LLC,651
275,vel,4722,Aliquam PC,76
276,quis,6285,Curabitur Incorporated,105
277,lorem,7964,Eros Limited,281
278,nisl.,685,Mus Proin Vel Company,849
279,eu,8221,Lorem Auctor Quis Limited,49
280,mi,6343,Ligula Consulting,695
281,pretium,6490,Integer Sem Elit Corporation,387
282,purus,9046,Consectetuer Cursus LLC,47
283,Nam,2339,Imperdiet Erat Institute,836
284,sit,1964,Dolor Donec Inc.,462
285,magna.,3816,Malesuada Id Erat Industries,403
286,vel,2412,Urna Institute,559
287,"eleifen,",2328,Massa Consulting,972
288,orci.,558,Ultricies Company,924
289,Suspendisse,8898,Eleifend Cras Sed PC,183
290,pellentesque.,2618,Sed Auctor PC,998
291,sit,1028,Magna Associates,877
292,eu,6040,Sapien Molestie Foundation,934
293,mollis,2472,Est Ac Institute,715
294,urna,1179,Rutrum Magna LLC,931
295,Donec,7726,Ac Eleifend Vitae Consulting,577
296,purus,4615,Ornare Placerat Ltd,888
297,senectus,1786,Nullam Limited,661
298,commodo,6774,Eget Venenatis A Limited,784
299,nibh,9402,Et Magnis Inc.,163
300,ultrices,2538,Quisque Ac Libero Foundation,482